user_sha1	total_events	total_breaks	total_submit	total_snapshot	total_view	total_manipulate	n_puzzle	n_puz_no_basic	p_puz_no_basic	n_complete	n_tutorial	n_interm	n_adv	total_active	complete_active	incomplete_active	tutorial_atime_comp	int_atime_comp	adv_atime_comp	tutorial_atime_incomp	int_atime_incomp	adv_atime_incomp	cumu_a_time	persistence_score	non_per	productive	unproductive	rapid	no_beh	avg_revisit	n_attempt	n_failed_att	revisits	diff_event1	diff_event2	diff_event3	different_event	comp_mg1	comp_gmd4	comp_co5	comp_co6	consent	q8	q1_1	q1_2	q1_3	q1_4	q1_5	q1_6	q13_1	q13_2	q13_3	q13_4	q13_5	q14_1	q14_2	q14_3	q14_4	q14_5	q6	q7	q9	q10	q15	q16	sbst1	sbst2	sbst3	sbst4	sbst5	sbst6	sbst7	sbst8	sbst9	sbst10	sbst11	sbst12	sbst13	sbst14	sbst15	sbst16	sbst17	sbst18	sbst19	sbst20	sbst21	sbst22	sbst23	sbst24	sbst25	sbst26	sbst27	sbst28	sbst29	sbst30	sbst	age	gender	hand	item1	item2	item3	item4	item5	item6	item7	item8	item9	item10	item11	item12	item13	item14	item15	item16	item17	item18	item19	item20	item21	item22	item23	item24	item25	item26	item27	item28	item29	item30	sri	mr	so	sv
5787ea1cb8ec38d1fe05510b4472ed73ab995578	768	25	25	0	31	170	9	2	0.0952381	2	2	0	0	1608.41	436.53	1171.88	436.53			1126.2	6.05	39.63	61.20111	62.19	0.1111111	0.1111111	0.1111111	0	0.6666667	0.375	10	8	3	80	14		94	0	0	0	0	Yes																								1	0	0	1	0	1	0	0	0	0	0	0	0	1	0	0	0	1	0	0	0	0	0	0	0	0	0	0	0	1	6	16	Female	Right-handed	1	1	0	0	1	0	0	0	0	1	0	0	0	1	1	0	1	0	0	1	0	0	0	0	0	1	1	0	0	0	10	2	6	2
e76056103a0f740752859aec222102e77af132a4	25	1	4	0	0	6	2	0	0	2	2			99.96001	99.96001		99.96001						36.42	32.77	0	0	0	0	1		2	0	1	22			22	0	0	0	0	Yes	Yes	Somewhat agree	Strongly agree	Somewhat disagree	Neither agree nor disagree	Somewhat disagree	Neither agree nor disagree	Strongly Disagree	Neither disagree nor agree	Strongly Agree	Disagree	Agree	Strongly Agree	Agree	Neither disagree nor agree	Neither disagree nor agree	Strongly Agree	A few times a week	Seldom	An occasional video game player	Yes	B	I am at a point in my life where I am unmotivated to do it. But if I had to play Shadowspect in order to get a good grade, I would.	1	0	1	0	0	1	0	0	0	1	0	0	0	0	0	0	0	1	0	0	0	0	0	0	0	0	0	0	0	0	5	16	Female	Right-handed	1	1	1	1	1	0	1	1	1	1	1	1	1	1	1	1	0	0	1	1	0	1	1	0	0	1	1	1	1	1	24	9	9	6
61b6b2ed7c2d28f51122a5dcea07d30de9a8dfa7	1874	47	67	158	416	598	30	21	1	24	9	8	7	5390.9	4191.14	1199.76	867.07	2713.08	610.99		135.4	1064.36	49.28067	46.41067	0.0666667	0.1666667	0	0.1333333	0.6333333	0.625	40	16	10	105	125	146	376	0.57	0.53	0.586	0.56	Yes	No	Somewhat agree	Somewhat agree	Strongly disagree	Neither agree nor disagree	Neither agree nor disagree	Somewhat agree	Disagree	Strongly Agree	Agree	Agree	Neither disagree nor agree	Disagree	Disagree	Disagree	Strongly Disagree	Strongly Disagree	Every day, for 1-3 hours	Seldom	A frequent video game player	Yes	A		1	1	0	0	1	1	0	1	1	0	1	1	1	1	0	1	0	1	1	0	1	1	1	1	1	1	1	1	1	1	23	15	Male	Right-handed	1	1	1	1	1	1	1	1	1	1	1	1	1	1	0	1	1	1	1	1	1	1	1	1	0	1	0	1	1	1	27	9	10	8
ace95c14c44d1cce2494ba11d81c297259d09c9a	1660	55	37	0	96	634	26	17	0.8095238	4	4	0	0	4017.7	630.62	3387.08	630.62			1827.33	1279.89	279.86	39.98269	39.90923	0.4230769	0.1153846	0.1153846	0	0.3461539	0.3030303	37	33	10	116	69	51	236	0	0	0	0	Yes	Yes	Strongly disagree	Strongly disagree	Somewhat agree	Strongly agree	Strongly disagree	Somewhat agree	Strongly Disagree	Strongly Agree	Strongly Agree	Strongly Agree	Agree	Disagree	Disagree	Disagree	Disagree	Strongly Disagree	Not at all	Never	A non-video game player	No	A		0	0	0	0	1	0	0	0	0	0	1	1	0	0	0	1	0	0	0	0	0	0	0	1	0	0	0	0	0	1	6	16	Female	Right-handed	0	1	1	1	1	1	0	1	1	1	1	0	1	1	0	0	0	0	0	1	1	0	0	0	0	1	0	0	1	1	16	3	8	5
2c510471bfc0d07085c7988ba837397b849f12d9	567	17	16	13	50	236	9	1	0.047619	7	7	0		1598.09	1191.57	406.52	1191.57			303.74	102.78		64.02556	63.07	0	0.4444444	0	0	0.5555556	0.3333333	10	3	1	98	9		107	0	0	0	0	Yes	Yes																							1	1	0	0	1	1	0	1	0	0	0	0	0	1	0	0	0	0	0	0	1	0	1	1	0	0	1	0	1	0	11	17	Male	Right-handed	1	1	1	1	1	1	1	1	0	0	1	0	0	1	1	0	1	0	0	1	0	1	1	0	0	1	0	0	1	0	17	4	10	3
6b463921a37f03efe9c1713066edcfc1712589ed	8312	64	151	435	2186	2254	30	21	1	22	9	7	6	12355.2	7324.52	5030.68	2311.78	3725.29	1287.45		1783.95	3246.73	69.969	74.89667	0.0666667	0.5	0.1	0	0.3333333	0.9	112	90	81	143	153	189	485	0.304	0.372	0.356	0.352	Yes	Yes	Somewhat agree	Somewhat agree	Somewhat disagree	Neither agree nor disagree	Neither agree nor disagree	Somewhat agree	Strongly Disagree	Strongly Agree	Strongly Agree	Strongly Agree	Neither disagree nor agree	Disagree	Neither disagree nor agree	Neither disagree nor agree	Strongly Disagree	Strongly Disagree	A few times a week	Seldom	A novice video game player	Yes	A		1	1	0	0	1	1	0	0	0	1	0	1	0	1	0	0	0	1	1	0	1	0	0	0	0	0	0	1	0	0	11	14	Female	Left-handed	1	1	1	1	1	1	1	1	0	1	1	0	0	1	1	0	1	0	0	1	0	0	1	0	0	0	0	1	1	0	17	5	9	3
f142534fbdc8f05525e44d69f5675648903ebeb8	983	10	26	4	270	339	16	7	0.3333333	15	9	6		1470.77	1236.09	234.68	488	748.09			234.68		32.52562	41.14563	0	0.0625	0	0.1875	0.75	0.5	19	2	3	109	98		207	0.289	0.202	0.236	0.224	Yes	No	Somewhat disagree	Somewhat disagree	Somewhat agree	Strongly disagree	Strongly disagree	Neither agree nor disagree	Disagree	Agree	Agree	Strongly Agree	Strongly Agree	Disagree	Strongly Disagree	Strongly Disagree	Strongly Disagree	Strongly Disagree	Every day, for 1-3 hours	Sometimes	A frequent video game player	Yes	A	It wasn't on my mind much, I had other homework to do that was more important to my grades in school	1	1	0	0	1	1	1	1	0	1	0	1	1	1	0	1	1	0	1	1	1	0	1	1	1	1	1	0	1	1	22	16	Male	Right-handed	1	1	1	1	1	1	1	1	1	1	1	0	1	1	1	1	1	1	1	0	0	1	1	0	1	1	0	1	0	1	24	10	8	6
8fc2e33605f47244bd5e566654dd9581ce70c1c7	450	17	19	0	50	127	10	1	0.047619	9	9	0		1379.74	1212.84	166.9	1212.84				166.9		61.632	56.479	0	0.1	0	0	0.9		9	0	0	109	8		117	0	0	0	0	Yes	Yes	Somewhat agree	Somewhat agree	Somewhat disagree	Somewhat disagree	Somewhat disagree	Neither agree nor disagree	Neither disagree nor agree	Agree	Disagree	Strongly Disagree	Agree	Neither disagree nor agree	Neither disagree nor agree	Strongly Agree	Disagree	Agree	A few times a month	Frequently	An occasional video game player	Yes	A	The levels get harder, and everytim I try to fix my answer, I can't find whats wrong.	1	1	0	0	1	1	1	0	0	0	0	1	1	1	1	0	1	1	1	0	1	1	0	1	1	1	0	1	0	0	18	15	Female	Right-handed	1	0	1	1	1	1	0	1	0	0	1	1	0	1	1	0	0	1	1	0	0	1	0	0	0	0	0	0	0	0	13	4	4	5
8291ca26f6c191e3ef73734afdf522c566e1d6e5	1351	20	37	54	237	460	26	17	0.8095238	24	9	9	6	3210.45	2715.57	494.88	583.46	1268.73	863.38			494.88	39.10884	38.35423	0.0384615	0.0384615	0.0384615	0.3076923	0.5769231	0	26	2	0	94	111	99	304	0.318	0.63	0.653	0.625	Yes	Yes	Somewhat agree	Somewhat agree	Somewhat disagree	Somewhat agree	Somewhat disagree	Somewhat disagree	Disagree	Strongly Agree	Agree	Neither disagree nor agree	Strongly Agree	Agree	Agree	Agree	Agree	Agree	A few times a week	Sometimes	A novice video game player	Yes	A		1	1	1	1	1	1	1	1	1	1	1	1	1	1	0	1	1	1	1	1	1	1	1	1	1	1	1	1	1	1	29	15	Female	Right-handed	1	1	1	1	1	1	0	1	1	1	1	1	1	1	1	1	1	1	0	1	1	1	1	1	0	1	1	1	1	1	27	7	10	10
08bf99a4fa7f3598061d191434db3a310999878e	1395	14	49	85	153	451	24	15	0.7142857	15	9	4	2	2567.63	1304.85	1262.78	692.85	518.1	93.89999		1168.94	93.84	35.43375	40.32292	0.2083333	0.0833333	0	0.0416667	0.6666667	0.25	27	12	3	114	117	39	270	0.283	0.14	0.171	0.156	Yes	Yes	Somewhat disagree	Somewhat agree	Somewhat disagree	Somewhat disagree	Somewhat disagree	Somewhat disagree	Disagree	Strongly Agree	Agree	Agree	Neither disagree nor agree	Disagree	Disagree	Disagree	Disagree	Disagree	About once a month	Never	A novice video game player	Yes	B	I just find it a little boring. I mean it stresses me out sometimes and it's a bit fun to want to figure it out. But it's not something I would want to keep doing or something on a daily basis.	1	1	1	1	0	1	1	0	0	1	0	1	0	1	1	0	1	1	1	0	1	0	1	1	1	1	0	1	1	0	20	16	Female	Right-handed	0	1	1	1	1	1	1	1	0	0	1	0	1	1	1	1	1	0	1	1	0	0	1	0	0	1	0	1	1	0	19	6	10	3
4c5c23950f6faecf85533a7451e92c7b311e54a0	430	12	12	34	220	61	5	0	0	4	4			997.94	392.06	605.88	392.06			605.88			60.904	66.592	0	0.2	0.2	0	0.6	0.6666667	7	3	2	63			63	0	0	0	0	Yes	Yes	Somewhat agree	Somewhat agree	Somewhat agree	Somewhat agree	Somewhat disagree	Somewhat agree	Disagree	Strongly Agree	Agree	Disagree	Neither disagree nor agree	Agree	Disagree	Neither disagree nor agree	Neither disagree nor agree	Strongly Agree	A few times a month	Sometimes	An occasional video game player	Yes	B	I have been very busy with other projects from other classes that I had to get done for school.	1	1	1	0	1	1	0	0	0	1	0	0	0	1	0	0	0	0	1	0	0	1	0	1	0	1	0	1	0	0	12	16	Female	Right-handed	1	1	1	0	1	1	0	1	0	1	1	0	1	1	0	0	1	0	1	1	0	0	1	0	0	0	0	0	0	0	14	4	8	2
908dd852e5b773e4c72082d66003b16bb0dad2a3	943	70	43	2	73	395	10	1	0.047619	10	9	1		3901.99	3901.99		3595.01	306.98					83.065	73.921	0	0.5	0	0	0.5	1	16	5	6	109	16		125	0	0.053	0.058	0.059	Yes	Yes	Somewhat disagree	Somewhat disagree	Strongly agree	Strongly disagree	Somewhat disagree	Somewhat disagree	Strongly Disagree	Strongly Agree	Agree	Strongly Agree	Agree	Disagree	Strongly Disagree	Strongly Disagree	Strongly Disagree	Strongly Disagree	Every day, for 1-3 hours	Seldom	A frequent video game player	Yes	A		0	1	0	0	1	1	0	0	0	0	1	1	0	1	0	0	1	0	0	0	0	0	0	0	1	0	0	1	0	0	9	16	Male	Right-handed	0	1	1	1	1	1	1	1	0	1	1	0	0	1	1	0	1	1	1	1	0	1	1	0	1	1	0	1	1	0	21	7	10	4
7f74dc0288d563609e5f3f2d05b75505ab89060a	1672	22	18	88	580	408	10	1	0.047619	8	8	0		3756.99	1840.84	1916.15	1840.84			1585.33	330.82		82.037	84.311	0	0.7	0.1	0	0.2	0.5	12	4	2	126	16		142	0	0	0	0	Yes	Yes	Neither agree nor disagree	Neither agree nor disagree	Neither agree nor disagree	Somewhat disagree	Somewhat disagree	Somewhat agree	Disagree	Agree	Agree	Neither disagree nor agree	Neither disagree nor agree	Neither disagree nor agree	Neither disagree nor agree	Neither disagree nor agree	Neither disagree nor agree	Neither disagree nor agree	About once a month	Never	An occasional video game player	Yes	C	I have been having a lot of projects and work recently and I am also really busy with things at home. I also don't really enjoy playing shadowspect sometimes because it frustrates me when it says that I didn't get the shape when I clearly did.	0	1	0	0	1	1	0	1	0	0	0	0	0	1	0	0	0	0	0	0	1	0	0	0	0	0	0	1	0	0	7	16	Female	Right-handed	0	1	1	1	1	0	1	1	0	1	1	1	1	1	1	1	1	0	1	1	0	0	1	0	0	1	0	0	0	0	18	6	9	3
1ec6de92ff1e77f0215370ede978d9c4d6d4d6a3	2003	10	25	108	664	665	10	1	0.047619	6	6	0		3139.3	1386.89	1752.41	1386.89			900.97	851.44		83.04	87.318	0	0.6	0.3	0	0.1	0.4285714	13	7	3	124	18		142	0	0	0	0	Yes	Yes	Somewhat agree	Somewhat agree	Somewhat disagree	Strongly disagree	Neither agree nor disagree	Somewhat agree	Neither disagree nor agree	Agree	Strongly Disagree	Strongly Disagree	Strongly Disagree	Neither disagree nor agree	Strongly Agree	Disagree	Strongly Disagree	Strongly Agree	A few times a month	Seldom	An occasional video game player	Yes	B		0	1	0	0	0	1	0	0	0	1	0	1	0	1	0	1	0	1	1	0	0	0	0	0	0	0	0	1	0	0	9	17	Female	Left-handed	1	0	1	1	1	0	0	1	0	0	1	0	0	0	0	0	0	1	0	0	0	0	0	0	0	0	0	0	0	0	7	2	3	2
181461aa2f9d29a2d77a45e927568bf6ea3caf20	1914	37	48	46	289	627	23	14	0.6666667	15	9	4	2	4518.42	1731.31	2787.11	1092.84	488.24	150.23		1965.48	821.63	54.38565	53.37	0	0.1304348	0.0434783	0.0869565	0.7391304	0.125	23	8	1	115	126	60	301	0.321	0.149	0.182	0.166	Yes																																																							15	Male	Right-handed	1	1	1	1	1	0	1	1	0	1	1	0	0	0	1	1	1	0	0	1	0	1	1	0	1	0	1	0	1	1	19	7	8	4
21af7d5a106841e2494c08db1507f6f509002b8b	29	2	2	0	0	4	2	0	0	2	2			79.92	79.92		79.92						31.935	36.06	0	0	0	0.5	0.5		2	0	1	18			18	0	0	0	0	Yes	No	Somewhat agree	Somewhat disagree	Strongly agree	Somewhat disagree	Somewhat disagree	Somewhat disagree	Disagree	Strongly Agree	Agree	Neither disagree nor agree	Neither disagree nor agree	Neither disagree nor agree	Disagree	Neither disagree nor agree	Disagree	Agree	A few times a week	Sometimes	An expert video game player	Yes	B	It seems boring. The only thing I'm doing is just moving shapes to match some objective. If I wanted to play a matching game I would have played a mobile game instead.	0	1	1	0	1	1	1	0	0	0	1	1	0	1	1	0	1	0	0	1	0	0	0	1	0	0	0	1	0	1	14	16	Male	Right-handed	1	1	1	1	1	1	1	1	0	0	1	0	0	1	0	1	1	0	1	1	0	0	0	0	1	0	1	0	1	0	17	6	8	3
73766d019518dff993c2ced728ca985d7ec80ebc	3840	72	39	238	861	1121	30	21	1	28	9	9	10	7632.58	6629.5	1003.08	699.21	3186.07	2744.22			1003.08	47.88933	46.74967	0.0333333	0.1666667	0	0.1333333	0.6666667	0.4	35	5	4	101	128	179	408	0.542	0.826	0.804	0.806	Yes	Yes	Somewhat agree	Strongly agree	Strongly disagree	Somewhat agree	Neither agree nor disagree	Somewhat agree	Neither disagree nor agree	Agree	Disagree	Agree	Neither disagree nor agree	Neither disagree nor agree	Neither disagree nor agree	Agree	Disagree	Neither disagree nor agree	Every day, for 1-3 hours	Sometimes	A novice video game player	Yes	A		1	1	1	1	1	1	1	1	1	1	1	1	1	1	1	0	1	1	0	1	1	0	1	1	1	1	1	1	1	1	27	14	Male	Left-handed	1	1	1	1	1	1	1	1	1	1	1	1	1	1	1	1	1	1	1	1	1	1	1	0	1	1	1	1	0	1	28	10	9	9
daf23f27a55c051775a282359a428538dc60d397	1005	9	18	67	277	234	10	1	0.047619	7	7	0		2231.96	948.71	1283.25	948.71			1170.09	113.16		69.844	72.912	0	0.2	0.1	0	0.7	0.4	12	5	2	122	12		134	0	0	0	0	Yes																																																																																											
b7b4e60e3dd5389c0375a7cf3b5794cf8e4f7f01	80	5	3	0	12	16	2	0	0	0	0			230.66		230.66				230.66			71.785	72.995	0	0	0	0	1					19			19					Yes																								1	1	0	0	0	0	0	1	0	0	0	0	0	1	0	0	1	0	0	1	0	1	0	0	0	1	0	1	0	0	9	17	Male	Right-handed	1	1	0	1	1	1	0	1	0	1	1	0	0	0	0	0	0	0	0	0	0	0	0	0	0	0	0	0	0	0	8	3	4	1
b6e9ae06fc923b06d808f550f187582bd7c4fd65	99	3	8	0	4	39	4	0	0	3	3			360.77	199.42	161.35	199.42			161.35			55.155	52	0	0	0	0.25	0.75		3	0	0	40			40	0	0	0	0	Yes	No	Somewhat agree	Strongly agree	Somewhat disagree	Somewhat agree	Strongly agree	Neither agree nor disagree	Disagree	Neither disagree nor agree	Neither disagree nor agree	Disagree	Neither disagree nor agree	Agree	Agree	Disagree	Strongly Disagree	Neither disagree nor agree	Every day, for 1-3 hours	Frequently	A frequent video game player	Yes	B	a lot been happening	0	1	1	1	0	0	0	0	0	0	0	0	0	0	0	0	0	0	0	0	0	0	0	0	0	0	0	0	0	0	3	15	Male	Left-handed	1	1	1	1	1	1	1	1	1	1	0	1	1	1	0	1	0	0	0	1	1	1	1	0	1	1	1	1	1	0	23	9	8	6
6446ec14b98452eb74a1857c5da5e98c7daa3491	838	21	10	1	34	242	7	0	0	6	6			1486.81	1189.52	297.29	1189.52			297.29			78.05286	78.69428	0	0.5714286	0.1428571	0	0.2857143	0	7	1	0	95			95	0	0	0	0	Yes																																																							15	Female	Right-handed	1	1	1	1	1	0	1	1	1	0	1	1	0	1	1	1	1	1	0	1	0	0	0	1	1	0	0	0	1	0	19	5	8	6
6b5f6cecf5937da4b6ebc451af0a15485f718811	1023	42	38	0	176	298	22	13	0.6190476	21	9	8	4	3009.29	2752.62	256.67	1163.59	1093.16	495.87			256.67	56.82182	49.13864	0	0	0	0.0454545	0.9545454		21	0	0	110	104	50	264	0.323	0.473	0.551	0.515	Yes																																																							16	Male	Right-handed	0	0	0	0	0	0	0	0	0	0	0	0	0	0	0	0	0	0	0	0	0	0	0	0	0	0	0	0	0	0	0	0	0	0
b6beb3dbe1c3382c9c09ef6ff809cb13d7b56dc5	3010	18	119	0	470	832	26	17	0.8095238	9	4	3	2	4432.71	958.57	3474.14	241.03	339.6	377.94	2035.42	550.77	887.95	44.26077	47.98692	0.1923077	0.0769231	0.2307692	0.0769231	0.4230769	0.3928571	41	28	15	126	59	121	306	0.258	0.132	0.157	0.146	Yes	No	Neither agree nor disagree	Somewhat agree	Somewhat disagree	Somewhat disagree	Somewhat disagree	Somewhat agree	Disagree	Agree	Neither disagree nor agree	Neither disagree nor agree	Neither disagree nor agree	Disagree	Disagree	Strongly Disagree	Disagree	Neither disagree nor agree	A few times a week	Frequently	An occasional video game player	Yes	A	Just havent thought about it.	0	0	0	0	0	0	1	0	0	0	0	0	1	0	0	0	0	0	0	0	0	0	0	0	0	0	0	0	0	0	2	14	Male	Right-handed	0	0	0	0	0	0	0	0	0	0	0	0	0	0	0	0	0	0	0	0	0	0	0	0	0	0	0	0	0	0	0	0	0	0
a65321b460d7b86f09f2ff756722a184f4d9c236	2015	24	68	44	433	690	18	9	0.4285714	15	9	5	1	3912.87	1963.69	1949.18	1242.94	625.31	95.44		1949.18		56.07944	57.51056	0	0.2222222	0.0555556	0.1111111	0.6111111	0.5	21	6	3	101	135		236	0.296	0.153	0.183	0.17	Yes																								0	0	0	0	1	1	0	0	0	0	0	1	0	1	0	0	0	0	0	0	1	0	0	0	0	0	0	1	0	0	6	16	Male	Right-handed	0	1	0	1	1	1	0	1	0	0	1	0	0	1	0	0	1	0	1	1	0	0	0	0	1	1	0	0	0	0	12	3	8	1
6f6a5a8816339886280dbe68ab6f96ede5f05c6e	954	25	41	0	73	434	21	12	0.5714286	16	9	4	3	2410.65	1512.61	898.04	618.21	627.62	266.78		578.22	319.82	45.54095	42.71857	0.047619	0.047619	0	0.2380952	0.6666667	0.2857143	23	7	2	99	105	38	242	0.305	0.189	0.222	0.247	Yes	Yes	Somewhat agree	Somewhat agree	Neither agree nor disagree	Somewhat agree	Somewhat agree	Neither agree nor disagree	Strongly Disagree	Strongly Agree	Strongly Agree	Strongly Agree	Strongly Agree	Disagree	Strongly Disagree	Strongly Disagree	Strongly Disagree	Strongly Disagree	Every day, for 1-3 hours	Sometimes	An expert video game player	Yes	A	I found the levels I had left too difficult and spent a lot of time on all the remaining levels.	1	1	1	1	1	1	1	0	1	1	1	1	1	1	1	1	1	1	1	1	1	1	0	1	1	0	1	0	1	1	26	14	Male	Right-handed	1	1	0	1	1	1	1	1	1	1	1	0	1	1	0	1	1	0	1	0	1	1	1	0	1	1	1	1	1	1	24	10	9	5
1fca73619e0fadc22283215d66313bca79d5d907	3488	167	157	77	402	1589	30	21	1	13	9	0	4	9660.26	4655.31	5004.95	3151.22		1504.09		3288.45	1716.5	46.68533	43.76033	0.4	0.2	0.1	0.0666667	0.2333333	0.3703704	40	27	10	119	44	122	285	0	0.257	0.201	0.202	Yes	Yes	Somewhat agree	Somewhat agree	Strongly disagree	Neither agree nor disagree	Neither agree nor disagree	Strongly agree	Strongly Disagree	Strongly Agree	Agree	Strongly Agree	Agree	Neither disagree nor agree	Neither disagree nor agree	Disagree	Strongly Disagree	Disagree	A few times a month	Sometimes	A non-video game player	Yes	A		0	0	0	0	0	0	0	1	0	0	0	0	0	1	1	0	1	1	0	0	0	0	0	0	0	0	1	0	1	0	7	15	Female	Right-handed	1	1	1	1	1	1	1	0	0	1	1	1	1	1	0	0	1	0	0	1	1	1	0	0	1	1	0	0	1	0	19	7	8	4
bf0eb0e135de6e2320819c10d2c76a68cf62830e	62	0	4	0	21	12	3	1	0.047619	2	2	0		152.61	116.45	36.16	116.45				36.16		23.74	26.45667	0.3333333	0	0	0.3333333	0.3333333	0	3	1	0	18	5		23	0	0	0	0	Yes																								1	1	0	0	1	1	0	1	1	1	1	0	1	1	0	0	1	1	1	1	1	1	1	1	1	1	1	0	1	0	22	15	Male	Left-handed	1	1	1	1	1	1	1	1	0	1	1	0	0	1	0	1	0	0	1	1	1	1	1	1	1	1	0	1	0	1	22	9	8	5
82863b8cde5a3aa8b620dd0bba0ae5f6de4609d8	821	18	34	1	112	256	29	20	0.952381	10	7	2	1	2091.48	783.2	1308.28	455.28	255.29	72.63	283.79	908.13	116.36	28.89586	26.23552	0.3793103	0.0689655	0	0.0344828	0.5172414	0.2173913	33	23	5	96	99	40	235	0.123	0.067	0.089	0.075	Yes	Yes	Neither agree nor disagree	Somewhat disagree	Somewhat agree	Strongly agree	Strongly agree	Neither agree nor disagree	Neither disagree nor agree	Neither disagree nor agree	Neither disagree nor agree	Agree	Strongly Agree	Strongly Agree	Strongly Agree	Strongly Agree	Strongly Agree	Strongly Agree	A few times a week	Seldom	An occasional video game player	Yes	A	after the assignments were done i had no reason to continue playing it	0	1	0	0	1	1	0	1	1	0	0	0	0	1	1	0	0	0	0	0	0	1	1	1	0	0	0	0	0	0	10	16	Female	Left-handed	1	0	0	0	1	0	1	0	1	1	1	0	1	1	1	1	1	0	0	0	0	0	1	0	0	0	0	0	0	0	12	5	5	2
6ef271af95facc5ecdf2fd69275cc077d9e4e981	1719	105	99	17	295	502	18	9	0.4285714	13	9	3	1	7584.72	4661.05	2923.67	2481.56	1087.3	1092.19		2923.67		81.67278	75.03555	0	0.4444444	0.0555556	0	0.5	0.6428571	27	14	9	117	122		239	0.322	0.099	0.11	0.11	Yes	Yes	Somewhat agree	Somewhat agree	Somewhat disagree	Somewhat disagree	Somewhat disagree	Neither agree nor disagree	Disagree	Agree	Disagree	Disagree	Agree	Neither disagree nor agree	Disagree	Neither disagree nor agree	Disagree	Agree	About once a month	Never	A non-video game player	No	B	I haven't played Shadow spect much because I've been very busy with other classes.	0	1	0	0	1	1	0	0	1	0	0	1	0	1	0	0	1	1	0	0	0	1	0	1	0	0	0	1	0	0	11	16	Female	Left-handed	1	1	1	0	1	0	1	1	0	1	0	0	0	0	0	0	0	0	0	0	0	0	0	0	0	0	0	0	0	0	7	3	3	1
deb29eb8f3b002e96a11baf5577e127f5e330e0c	2761	100	131	0	218	1257	30	21	1	15	9	4	2	9725.92	4469.19	5256.73	3308.3	1048.2	112.69		3010.85	2245.88	58.32833	51.099	0.2	0.1666667	0.0666667	0.0333333	0.5333334	0.4482759	44	29	13	118	108	106	332	0.282	0.174	0.193	0.193	Yes	Yes	Somewhat agree	Neither agree nor disagree	Neither agree nor disagree	Somewhat disagree	Somewhat disagree	Somewhat disagree	Strongly Disagree	Strongly Agree	Agree	Neither disagree nor agree	Agree	Neither disagree nor agree	Disagree	Strongly Disagree	Disagree	Disagree	Every day, for 1-3 hours	Sometimes	A frequent video game player	Yes	A		0	1	0	0	0	1	0	0	0	0	0	1	0	1	0	0	1	1	1	0	0	0	0	0	1	0	0	1	1	0	10	15	Male	Right-handed	1	1	1	1	1	0	0	0	0	0	1	0	0	1	0	0	0	0	0	1	0	1	0	0	0	1	0	0	0	0	10	3	6	1
cb1a7dd4ea166300686aaf7cd62f36d8ee19a8f3	6595	95	112	345	1045	2166	30	21	1	20	9	7	4	12996.65	8889.3	4107.35	2878.32	5040.44	970.54		2467.6	1639.75	66.272	67.29633	0.1666667	0.5	0.0666667	0	0.2666667	0.7755102	69	49	38	137	154	134	425	0.207	0.327	0.328	0.32	Yes	Yes	Somewhat agree	Somewhat agree	Neither agree nor disagree	Somewhat agree	Somewhat agree	Somewhat agree	Disagree	Agree	Agree	Agree	Neither disagree nor agree	Disagree	Disagree	Disagree	Disagree	Disagree	A few times a month	Never	An occasional video game player	No	A		1	1	1	1	1	1	1	0	0	0	1	1	1	1	0	0	0	1	1	0	0	0	0	1	0	0	0	1	0	0	15	15	Female	Right-handed	0	1	1	1	1	1	1	1	0	0	1	0	1	1	0	1	1	0	0	1	0	0	1	0	1	1	1	0	1	1	19	5	10	4
8a575a4b703ce9f736ef3993acb7723f260997e9	839	60	67	4	128	189	9	0	0	6	6			3092.21	924.76	2167.45	924.76			2167.45			62.20222	60.46445	0	0.2222222	0.1111111	0.1111111	0.5555556	0.25	10	4	1	111			111	0	0	0	0	Yes	Yes	Strongly disagree	Strongly disagree	Strongly agree	Strongly disagree	Strongly disagree	Strongly disagree	Strongly Agree	Disagree	Strongly Disagree	Strongly Disagree	Strongly Disagree	Strongly Agree	Neither disagree nor agree	Neither disagree nor agree	Agree	Strongly Agree	A few times a month	Seldom	A frequent video game player	Yes	A		0	0	0	0	0	1	0	0	0	0	1	1	1	1	1	1	0	1	1	0	0	0	1	0	0	0	0	1	0	0	11	16	Female	Right-handed	0	1	1	1	1	0	1	1	1	1	1	0	0	0	0	0	0	0	0	0	0	0	0	0	0	0	0	0	0	0	9	3	4	2
1f496abfffd8acdeb03efb0429936e71d8ac7472	1182	52	37	109	191	405	13	4	0.1904762	9	8	1		3593.93	2492.11	1101.82	2364.33	127.78		260.44	841.38		71.59692	67.0023	0.0769231	0.3846154	0	0	0.5384616	0.6363636	20	11	7	124	43		167	0.097	0.013	0.014	0.014	Yes	No	Somewhat agree	Somewhat agree	Neither agree nor disagree	Somewhat disagree	Somewhat disagree	Neither agree nor disagree	Neither disagree nor agree	Neither disagree nor agree	Disagree	Strongly Disagree	Disagree	Agree	Strongly Agree	Strongly Agree	Agree	Strongly Agree	Not at all	Never	A non-video game player	No	A	Haven't found the time.	0	1	0	0	1	1	0	0	0	0	0	0	0	0	1	0	0	0	1	1	0	0	0	1	0	0	0	0	0	0	7	15	Female	Right-handed	0	1	1	0	1	0	0	1	1	0	1	0	0	1	1	0	1	0	0	1	0	0	1	1	0	1	0	0	0	0	13	0	9	4
e7f7515d6f1e380ac5a8c691eb175cb9c77175b3	839	23	19	25	95	296	8	1	0.047619	2	2	0		2247.73	149.08	2098.65	149.08			1824.99	273.66		74.72375	75.48375	0	0.125	0.25	0.125	0.5	0.1666667	8	6	1	100	16		116	0	0	0	0	Yes	Yes	Somewhat disagree	Somewhat disagree	Neither agree nor disagree	Strongly disagree	Neither agree nor disagree	Somewhat agree	Neither disagree nor agree	Neither disagree nor agree	Disagree	Strongly Disagree	Disagree	Agree	Neither disagree nor agree	Agree	Disagree	Disagree	A few times a week	Sometimes	A novice video game player	Yes	C	i didn't understand how to do it	0	1	1	0	1	1	1	1	0	0	1	1	1	1	0	0	0	1	1	0	1	0	0	1	0	0	1	1	0	1	17																																					
f7341c72a8053343d2898e8bf89c272f4a1ea37d	2386	17	68	48	804	517	18	9	0.4285714	15	9	5	1	4930.01	3103.8	1826.21	1530.64	1524.24	48.92		1826.21		63.28889	64.19945	0	0.2777778	0.1666667	0.0555556	0.5	0.7333333	30	15	11	125	133		258	0.296	0.141	0.169	0.157	Yes	Yes	Somewhat agree	Somewhat agree	Neither agree nor disagree	Neither agree nor disagree	Somewhat disagree	Somewhat agree	Strongly Disagree	Strongly Agree	Agree	Agree	Neither disagree nor agree	Neither disagree nor agree	Disagree	Strongly Disagree	Disagree	Strongly Disagree	A few times a month	Frequently	A novice video game player	Yes	A		1	1	0	0	1	1	0	1	0	0	1	1	1	1	0	0	1	0	1	1	1	0	1	1	1	0	0	1	0	0	17	15	Female	Left-handed	1	1	1	1	1	1	1	1	0	1	1	1	1	1	1	1	0	0	1	1	1	0	0	0	0	0	0	0	0	0	18	7	6	5
c0fb8310a6e07e361a17b90e86556202aa68cdfa	615	8	13	1	25	172	10	3	0.1428571	5	5	0		1110.85	219.23	891.62	219.23			315.99	575.63		43.129	45.149	0.1	0	0	0.2	0.7	0	10	5	0	76	29		105	0	0	0	0	Yes	No	Somewhat disagree	Somewhat disagree	Somewhat disagree	Somewhat disagree	Somewhat disagree	Somewhat disagree	Disagree	Agree	Neither disagree nor agree	Disagree	Disagree	Neither disagree nor agree	Disagree	Neither disagree nor agree	Disagree	Disagree	A few times a week	Sometimes	A frequent video game player	Yes	B	forgot username and I had more important work	0	1	0	0	1	1	1	1	0	0	1	1	0	1	1	0	1	0	1	0	0	0	0	1	0	0	1	0	0	0	13	16	Male	Right-handed	0	1	0	0	1	0	0	0	0	0	1	0	1	1	1	1	1	0	0	1	0	0	1	0	0	0	1	0	0	0	11	2	7	2
1f6cc0dec0e8612f5119f0b5cc21fb68e9adff15	1060	12	21	94	181	314	6	0	0	3	3			2542.42	280.33	2262.09	280.33			2262.09			75.59834	75.19667	0	0.1666667	0.3333333	0	0.5	0.25	7	4	1	83			83	0	0	0	0	Yes																								0	0	1	0	0	1	0	0	1	0	0	0	0	0	0	0	0	0	0	0	0	0	0	0	0	0	0	0	0	1	4	16	Female	Right-handed	1	0	1	0	0	0	1	1	1	0	0	0	1	0	0	0	0	0	0	1	0	0	0	0	0	0	0	0	0	0	7	3	2	2
ba836261236a7d0daf1aa7e0a18403e1777bd720	2766	121	56	92	414	1053	30	21	1	21	9	7	5	8395.12	5810.97	2584.15	654.51	3630.84	1525.62		1191.34	1392.81	56.566	53.896	0.1	0.1333333	0.0666667	0.0333333	0.6666667	0.5333334	35	15	8	107	132	124	363	0.323	0.453	0.466	0.499	Yes																								0	1	0	1	1	1	0	0	0	0	1	0	1	1	1	0	1	0	1	0	1	0	1	1	0	0	1	0	0	1	15	15	Male	Left-handed	1	1	1	1	1	1	1	1	0	1	1	0	0	1	0	1	1	0	1	1	1	1	1	0	1	1	1	1	1	1	24	9	10	5
142f93e578b7d83bdbb7b50d8b37fecb5442ca4c	275	19	16	0	17	76	5	0	0	4	4			1113.59	768.75	344.84	768.75			344.84			75.542	72.588	0	0.4	0	0	0.6		4	0	0	60			60	0	0	0	0	Yes																																																																																											
e10b6038372eb360e47ca23d65fec9b1326f5c75	1373	46	63	0	153	516	20	11	0.5238096	13	8	3	2	3643.88	1594.17	2049.71	1066.34	391.3	136.53	676.9	1327.41	45.4	58.0305	57.549	0.05	0.1	0.05	0	0.8	0.4166667	25	12	5	108	117	20	245	0.302	0.116	0.128	0.128	Yes	No	Somewhat disagree	Somewhat disagree	Somewhat agree	Somewhat disagree	Somewhat disagree	Neither agree nor disagree																	0	1	0	1	1	1	1	1	0	0	0	1	0	1	0	0	1	0	1	0	0	0	0	0	0	0	0	1	0	1	12	15	Female	Right-handed	0	1	0	0	1	0	1	0	1	0	1	1	0	0	0	0	1	0	0	1	1	0	1	0	1	0	0	1	0	0	12	3	6	3
6f4f87ac367cace896a30b5d0c34ce97272c1b5b	5665	175	220	182	439	2125	30	21	1	15	9	4	2	14505.17	8115.76	6389.41	5023.4	2435.23	657.13		4465.13	1924.28	72.12366	69.61366	0.1	0.3666667	0.1	0	0.4333333	0.6595744	63	47	33	143	151	142	436	0.155	0.116	0.128	0.129	Yes	Yes	Neither agree nor disagree	Somewhat agree	Neither agree nor disagree	Strongly disagree	Somewhat disagree	Somewhat disagree	Disagree	Strongly Agree	Agree	Neither disagree nor agree	Agree	Agree	Agree	Disagree	Disagree	Disagree	Every day, but for less than 1 hour	Never	A novice video game player	Yes	A	I only play Shadowspect when I'm required to do it for on-demand work.	0	1	0	0	0	1	0	1	0	0	1	1	0	1	0	0	0	0	1	0	0	1	0	0	1	0	0	1	0	0	10	15	Female	Right-handed	1	1	1	1	1	1	0	1	0	0	1	0	0	1	0	0	1	0	1	1	0	0	1	0	0	0	0	0	0	0	13	3	8	2
fbfed18a0f54ffbd5e077c22d598a2cddc43065d	1222	67	41	52	108	422	10	1	0.047619	8	8	0		3930.92	2498.33	1432.59	2498.33			757.7	674.89		77.634	74.67	0	0.4	0.2	0	0.4	0.5	10	2	1	125	16		141	0	0	0	0	Yes	Yes	Somewhat agree	Strongly agree	Somewhat disagree	Somewhat agree	Somewhat agree	Strongly agree	Strongly Disagree	Strongly Agree	Strongly Agree	Strongly Agree	Agree	Disagree	Strongly Disagree	Agree	Strongly Disagree	Strongly Disagree	Not at all	Never	A non-video game player	Yes	C	it became difficult	0	1	0	0	0	1	0	1	0	0	0	0	1	1	0	0	1	0	1	0	0	0	0	0	0	0	0	0	0	0	7	15	Female	Right-handed	1	1	1	1	0	0	0	0	0	0	1	0	0	1	0	1	0	0	1	1	0	0	1	0	0	1	0	0	0	1	12	4	6	2
57241b419f38740d7a236af5bf0523844846d6b2	5748	94	146	214	795	2179	30	21	1	22	9	6	7	10306.95	3361.52	6945.43	606.29	1290.2	1465.03		3662.88	3282.55	52.63833	58.34533	0.0333333	0.1333333	0.1666667	0.0666667	0.6	1	135	103	104	114	137	187	438	0.526	0.37	0.398	0.418	Yes	Yes	Somewhat agree	Strongly agree	Strongly disagree	Somewhat agree	Somewhat agree	Neither agree nor disagree	Disagree	Agree	Agree	Strongly Agree	Neither disagree nor agree	Disagree	Disagree	Disagree	Disagree	Disagree	A few times a week	Seldom	An occasional video game player	Yes	F	I don't have a response for this question. However, for the question above, I can't see the answers, but my grade in math is 100%	1	1	1	1	1	1	1	1	1	1	1	1	1	1	1	0	1	1	1	1	1	1	1	1	1	1	1	1	0	1	28	15	Male	Right-handed	1	1	1	1	1	0	1	1	1	1	1	0	1	1	1	1	1	0	1	1	0	1	1	0	1	1	1	0	1	0	23	9	10	4
e00587ea91ce515d8c8e15512f1c0f65305376aa	1572	15	33	36	445	555	15	6	0.2857143	11	9	1	1	3288.14	2817.68	470.46	2008.23	650.24	159.21		470.46		62.51467	64.19534	0.1333333	0.4666667	0	0	0.4	0	13	2	0	128	65		193	0	0.073	0.081	0.082	Yes	Yes	Somewhat disagree	Somewhat disagree	Somewhat agree	Strongly disagree	Strongly disagree	Strongly disagree	Strongly Disagree	Strongly Agree	Strongly Agree	Strongly Agree	Strongly Agree	Strongly Disagree	Strongly Disagree	Strongly Disagree	Strongly Disagree	Strongly Disagree	Every day, but for less than 1 hour	Never	An occasional video game player	Yes	A		1	1	0	0	1	1	1	0	0	1	0	1	0	1	0	1	1	1	1	1	1	0	0	0	0	0	1	1	0	0	16	15	Female	Right-handed	0	1	1	0	1	0	1	1	1	0	1	0	1	1	1	0	1	1	0	1	1	1	1	0	0	1	0	0	1	1	19	3	10	6
23fa45b1411414712deaeebf32ca0b8a64f5a634	795	38	21	20	8	461	10	1	0.047619	3	3	0		2373.9	688.16	1685.74	688.16			1671.21	14.53		64.704	61.055	0.1	0.2	0.2	0	0.5	0.2857143	10	7	2	100	3		103	0	0	0	0	Yes	No	Somewhat disagree	Somewhat disagree	Neither agree nor disagree	Strongly disagree	Strongly disagree	Strongly disagree																	1	1	1	0	1	0	0	1	1	0	1	1	0	1	0	1	0	0	1	1	0	0	1	1	0	0	1	1	1	1	18	16	Female	Right-handed	0	0	1	1	0	1	0	1	0	0	1	0	1	0	0	0	0	0	0	1	0	0	1	0	1	0	1	0	1	1	12	3	5	4
97ac9e45491e32fd1584708a66a6e4c999dbc2df	637	22	18	3	100	146	10	1	0.047619	6	6	0		1712.38	538.22	1174.16	538.22			901.18	272.98		56.857	53.175	0.1	0.1	0.1	0.1	0.6	0.375	15	8	4	94	15		109	0	0	0	0	Yes																								1	1	1	0	1	1	1	0	0	1	0	1	0	1	1	0	1	1	0	1	1	0	0	1	0	0	0	1	1	0	17	15	Male	Right-handed	1	1	1	1	1	1	1	1	1	0	1	1	1	1	0	0	1	0	0	1	0	1	0	0	1	1	1	1	1	0	21	7	9	5
33fde0c0c6e1e07902847a4cb25d9b11491454ba	244	19	0	1	64	5	3	1	0.047619	0	0	0		761.19		761.19				542.66	218.53		57.71333	59.21	0	0	0.3333333	0	0.6666667	0	3	3	0	22	13		35					Yes																								1	0	0	0	1	1	1	0	0	0	1	0	0	0	0	0	0	0	0	0	1	0	0	0	0	0	0	0	0	1	7	15	Male	Right-handed	1	1	1	1	1	1	0	1	1	1	1	1	1	1	1	0	1	0	1	1	0	0	1	0	0	1	0	1	0	0	20	6	9	5
